﻿<parameters>
  <parameter name="IIS Web Application Name" defaultValue="uploadinguat.kz.hsbc" tags="IisApp">
    <parameterEntry kind="ProviderPath" scope="IisApp" match="^C:\\Projects\\UploadingDBWebInterface\\UlpoadingData\.Web\\obj\\Debug\\Package\\PackageTmp$" />
    <parameterEntry kind="ProviderPath" scope="setAcl" match="^C:\\Projects\\UploadingDBWebInterface\\UlpoadingData\.Web\\obj\\Debug\\Package\\PackageTmp$" />
  </parameter>
  <parameter name="Test-Web.config Connection String" description="Test Connection String used in web.config by the application to access the database." defaultValue="Data Source=;Integrated Security=SSPI;Initial Catalog=UploadingDB" tags="SqlConnectionString">
    <parameterEntry kind="XmlFile" scope="C:\\Projects\\UploadingDBWebInterface\\UlpoadingData\.Web\\obj\\Debug\\Package\\PackageTmp\\Web\.config$" match="/configuration/connectionStrings/add[@name='Test']/@connectionString" />
  </parameter>
  <parameter name="Default-Web.config Connection String" description="Default Connection String used in web.config by the application to access the database." defaultValue="Data Source=;Integrated Security=SSPI;Initial Catalog=UploadingDB" tags="SqlConnectionString">
    <parameterEntry kind="XmlFile" scope="C:\\Projects\\UploadingDBWebInterface\\UlpoadingData\.Web\\obj\\Debug\\Package\\PackageTmp\\Web\.config$" match="/configuration/connectionStrings/add[@name='Default']/@connectionString" />
  </parameter>
</parameters>